{"cameraMode":{"drawMode":0,"name":"Shaded","section":"Shading Mode"},"sceneLighting":true,"audioPlay":false,"sceneViewState":{"showFog":true,"showMaterialUpdate":false,"showSkybox":true,"showFlares":true,"showImageEffects":true,"showParticleSystems":true},"in2DMode":false,"pivot":{"x":3.8310546875,"y":2.0126953125,"z":7.1123046875},"rotation":{"x":0.026021234691143037,"y":-0.9275282025337219,"z":0.06579238921403885,"w":0.3670209050178528},"size":10.16369342803955,"orthographic":true}